{"count":1,"self":1196.7706111999998,"total":1598.1719137999999,"children":{"InitializeActuators":{"count":1,"self":0.0010083,"total":0.0010083,"children":null},"InitializeSensors":{"count":1,"self":0.0020071999999999998,"total":0.0020071999999999998,"children":null},"AgentSendState":{"count":700084,"self":5.1165607999999994,"total":9.0055146,"children":{"CollectObservations":{"count":70009,"self":0.494558,"total":0.494558,"children":null},"WriteActionMask":{"count":70009,"self":0.18739509999999998,"total":0.18739509999999998,"children":null},"RequestDecision":{"count":70009,"self":0.83663309999999991,"total":3.2070008999999997,"children":{"AgentInfo.ToProto":{"count":70009,"self":0.8902087,"total":2.3703678,"children":{"GenerateSensorData":{"count":70009,"self":1.4801590999999998,"total":1.4801590999999998,"children":null}}}}}}},"DecideAction":{"count":700084,"self":385.0262528,"total":385.02624349999996,"children":null},"AgentAct":{"count":700084,"self":7.1141407999999995,"total":7.3647553,"children":{"AgentInfo.ToProto":{"count":7578,"self":0.10162439999999999,"total":0.2506144,"children":{"GenerateSensorData":{"count":7578,"self":0.14898999999999998,"total":0.14898999999999998,"children":null}}}}}},"gauges":{"RollerBall.CumulativeReward":{"count":7578,"max":2,"min":0,"runningAverage":1.04725337,"value":1,"weightedAverage":1.07932329}},"metadata":{"timer_format_version":"0.1.0","start_time_seconds":"1733510907","unity_version":"6000.0.25f1","command_line_arguments":"C:\\Program Files\\Unity\\Hub\\Editor\\6000.0.25f1\\Editor\\Unity.exe -projectpath C:\\GitHub\\AIClass-ML-Agent\\RollerBall -useHub -hubIPC -cloudEnvironment production","communication_protocol_version":"1.5.0","com.unity.ml-agents_version":"3.0.0","scene_name":"SampleScene","end_time_seconds":"1733512505"}}