{
    "name": "root",
    "gauges": {
        "RollerBall.Policy.Entropy.mean": {
            "value": 1.4095466136932373,
            "min": 1.4095466136932373,
            "max": 1.4095466136932373,
            "count": 1
        },
        "RollerBall.Policy.Entropy.sum": {
            "value": 14102.513671875,
            "min": 14102.513671875,
            "max": 14102.513671875,
            "count": 1
        },
        "RollerBall.Environment.EpisodeLength.mean": {
            "value": 21.08609271523179,
            "min": 21.08609271523179,
            "max": 21.08609271523179,
            "count": 1
        },
        "RollerBall.Environment.EpisodeLength.sum": {
            "value": 9552.0,
            "min": 9552.0,
            "max": 9552.0,
            "count": 1
        },
        "RollerBall.Step.mean": {
            "value": 9951.0,
            "min": 9951.0,
            "max": 9951.0,
            "count": 1
        },
        "RollerBall.Step.sum": {
            "value": 9951.0,
            "min": 9951.0,
            "max": 9951.0,
            "count": 1
        },
        "RollerBall.Policy.ExtrinsicValueEstimate.mean": {
            "value": 0.48877376317977905,
            "min": 0.48877376317977905,
            "max": 0.48877376317977905,
            "count": 1
        },
        "RollerBall.Policy.ExtrinsicValueEstimate.sum": {
            "value": 229.72366333007812,
            "min": 229.72366333007812,
            "max": 229.72366333007812,
            "count": 1
        },
        "RollerBall.Environment.CumulativeReward.mean": {
            "value": 0.5575221238938053,
            "min": 0.5575221238938053,
            "max": 0.5575221238938053,
            "count": 1
        },
        "RollerBall.Environment.CumulativeReward.sum": {
            "value": 252.0,
            "min": 252.0,
            "max": 252.0,
            "count": 1
        },
        "RollerBall.Policy.ExtrinsicReward.mean": {
            "value": 0.5575221238938053,
            "min": 0.5575221238938053,
            "max": 0.5575221238938053,
            "count": 1
        },
        "RollerBall.Policy.ExtrinsicReward.sum": {
            "value": 252.0,
            "min": 252.0,
            "max": 252.0,
            "count": 1
        },
        "RollerBall.Losses.PolicyLoss.mean": {
            "value": 0.24820224262976584,
            "min": 0.24820224262976584,
            "max": 0.24820224262976584,
            "count": 1
        },
        "RollerBall.Losses.PolicyLoss.sum": {
            "value": 20.600786138270564,
            "min": 20.600786138270564,
            "max": 20.600786138270564,
            "count": 1
        },
        "RollerBall.Losses.ValueLoss.mean": {
            "value": 0.09963661975751323,
            "min": 0.09963661975751323,
            "max": 0.09963661975751323,
            "count": 1
        },
        "RollerBall.Losses.ValueLoss.sum": {
            "value": 8.269839439873598,
            "min": 8.269839439873598,
            "max": 8.269839439873598,
            "count": 1
        },
        "RollerBall.Policy.LearningRate.mean": {
            "value": 0.0002970204443666795,
            "min": 0.0002970204443666795,
            "max": 0.0002970204443666795,
            "count": 1
        },
        "RollerBall.Policy.LearningRate.sum": {
            "value": 0.024652696882434398,
            "min": 0.024652696882434398,
            "max": 0.024652696882434398,
            "count": 1
        },
        "RollerBall.Policy.Epsilon.mean": {
            "value": 0.19900681445783133,
            "min": 0.19900681445783133,
            "max": 0.19900681445783133,
            "count": 1
        },
        "RollerBall.Policy.Epsilon.sum": {
            "value": 16.5175656,
            "min": 16.5175656,
            "max": 16.5175656,
            "count": 1
        },
        "RollerBall.Policy.Beta.mean": {
            "value": 0.0005000000000000001,
            "min": 0.0005000000000000001,
            "max": 0.0005000000000000001,
            "count": 1
        },
        "RollerBall.Policy.Beta.sum": {
            "value": 0.04150000000000001,
            "min": 0.04150000000000001,
            "max": 0.04150000000000001,
            "count": 1
        },
        "RollerBall.IsTraining.mean": {
            "value": 1.0,
            "min": 1.0,
            "max": 1.0,
            "count": 1
        },
        "RollerBall.IsTraining.sum": {
            "value": 1.0,
            "min": 1.0,
            "max": 1.0,
            "count": 1
        }
    },
    "metadata": {
        "timer_format_version": "0.1.0",
        "start_time_seconds": "1733497394",
        "python_version": "3.10.2 (tags/v3.10.2:a58ebcc, Jan 17 2022, 14:12:15) [MSC v.1929 64 bit (AMD64)]",
        "command_line_arguments": "C:\\Users\\yeyiw\\AppData\\Local\\Programs\\Python\\Python310\\Scripts\\mlagents-learn config/rollerball_config.yaml --run-id=RollerBal",
        "mlagents_version": "1.1.0",
        "mlagents_envs_version": "1.1.0",
        "communication_protocol_version": "1.5.0",
        "pytorch_version": "2.5.1+cpu",
        "numpy_version": "1.23.5",
        "end_time_seconds": "1733497930"
    },
    "total": 535.476802899997,
    "count": 1,
    "self": 0.016538800002308562,
    "children": {
        "run_training.setup": {
            "total": 0.11309020000044256,
            "count": 1,
            "self": 0.11309020000044256
        },
        "TrainerController.start_learning": {
            "total": 535.3471738999942,
            "count": 1,
            "self": 0.3792374994372949,
            "children": {
                "TrainerController._reset_env": {
                    "total": 65.73104399998556,
                    "count": 1,
                    "self": 65.73104399998556
                },
                "TrainerController.advance": {
                    "total": 468.84433400057605,
                    "count": 13130,
                    "self": 0.31964569923002273,
                    "children": {
                        "env_step": {
                            "total": 445.5984747016628,
                            "count": 13130,
                            "self": 422.6466607009352,
                            "children": {
                                "SubprocessEnvManager._take_step": {
                                    "total": 22.688233799504815,
                                    "count": 13130,
                                    "self": 0.9255842985294294,
                                    "children": {
                                        "TorchPolicy.evaluate": {
                                            "total": 21.762649500975385,
                                            "count": 12556,
                                            "self": 21.762649500975385
                                        }
                                    }
                                },
                                "workers": {
                                    "total": 0.26358020122279413,
                                    "count": 13129,
                                    "self": 0.0,
                                    "children": {
                                        "worker_root": {
                                            "total": 388.91582900079084,
                                            "count": 13129,
                                            "is_parallel": true,
                                            "self": 66.66449900134467,
                                            "children": {
                                                "steps_from_proto": {
                                                    "total": 0.003035200003068894,
                                                    "count": 1,
                                                    "is_parallel": true,
                                                    "self": 0.0015494000108446926,